1,4:00:00,102.5,1.044,με,位置1
2,4:00:02,102.5,1.044,με,位置1
3,4:00:04,102.5,1.044,με,位置1
4,4:00:06,102.5,1.044,με,位置1
5,4:00:08,102.5,1.044,με,位置1
6,4:00:10,102.5,1.034,με,位置1
7,4:00:12,102.5,1.034,με,位置1
8,4:00:14,102.5,1.034,με,位置1
9,4:00:16,102.5,1.034,με,位置1
10,4:00:18,102.5,1.024,με,位置1
11,4:00:20,102.5,1.024,με,位置1
12,4:00:22,102.5,1.024,με,位置1
13,4:00:24,102.5,1.024,με,位置1
14,4:00:26,102.5,1.015,με,位置1
15,4:00:28,102.5,1.015,με,位置1
16,4:00:30,102.5,1.024,με,位置1
17,4:00:32,102.5,1.005,με,位置1
18,4:00:34,102.5,1.005,με,位置1
19,4:00:36,102.5,1.015,με,位置1
20,4:00:38,102.5,1.015,με,位置1
21,4:00:40,102.5,1.015,με,位置1
22,4:00:42,102.5,0.985,με,位置1
23,4:00:44,102.5,0.985,με,位置1
24,4:00:46,102.5,0.966,με,位置1
25,4:00:48,102.5,0.966,με,位置1
26,4:00:50,102.5,0.966,με,位置1
27,4:00:52,102.5,0.966,με,位置1
28,4:00:54,102.5,0.966,με,位置1
29,4:00:56,102.5,0.966,με,位置1
30,4:00:58,102.5,0.946,με,位置1
31,4:01:00,102.5,0.946,με,位置1
32,4:01:02,102.5,0.946,με,位置1
33,4:01:04,102.5,0.946,με,位置1
34,4:01:06,102.5,0.946,με,位置1
35,4:01:08,102.5,0.946,με,位置1
36,4:01:10,102.5,0.946,με,位置1
37,4:01:12,102.5,0.946,με,位置1
38,4:01:14,102.5,0.946,με,位置1
39,4:01:16,102.5,0.907,με,位置1
40,4:01:18,102.5,0.907,με,位置1
41,4:01:20,102.5,0.907,με,位置1
42,4:01:22,102.5,0.898,με,位置1
43,4:01:24,102.5,0.927,με,位置1
44,4:01:26,102.5,0.917,με,位置1
45,4:01:28,102.5,0.888,με,位置1
46,4:01:30,102.5,0.898,με,位置1
47,4:01:32,102.5,0.878,με,位置1
48,4:01:34,102.5,0.859,με,位置1
49,4:01:36,102.5,0.859,με,位置1
50,4:01:38,102.5,0.859,με,位置1
51,4:01:40,102.5,0.859,με,位置1
52,4:01:42,102.5,0.8,με,位置1
53,4:01:44,102.5,0.927,με,位置1
54,4:01:46,102.5,0.878,με,位置1
55,4:01:48,102.5,0.849,με,位置1
56,4:01:50,102.5,0.849,με,位置1
57,4:01:52,102.5,0.839,με,位置1
58,4:01:54,102.5,0.829,με,位置1
59,4:01:56,102.5,0.829,με,位置1
60,4:01:58,102.5,0.829,με,位置1
61,4:02:00,102.5,0.829,με,位置1
62,4:02:02,102.5,0.82,με,位置1
63,4:02:04,102.5,0.82,με,位置1
64,4:02:06,102.5,0.82,με,位置1
65,4:02:08,102.5,0.81,με,位置1
66,4:02:10,102.5,0.81,με,位置1
67,4:02:12,102.5,0.81,με,位置1
68,4:02:14,102.5,0.81,με,位置1
69,4:02:16,102.5,0.8,με,位置1
70,4:02:18,102.5,0.8,με,位置1
71,4:02:20,102.5,0.8,με,位置1
72,4:02:22,102.5,0.78,με,位置1
73,4:02:24,102.5,0.839,με,位置1
74,4:02:26,102.5,0.839,με,位置1
75,4:02:28,102.5,0.78,με,位置1
76,4:02:30,102.5,0.78,με,位置1
77,4:02:32,102.5,0.78,με,位置1
78,4:02:34,102.5,0.78,με,位置1
79,4:02:36,102.5,0.81,με,位置1
80,4:02:38,102.5,0.81,με,位置1
81,4:02:40,102.5,0.771,με,位置1
82,4:02:42,102.5,0.751,με,位置1
83,4:02:44,102.5,0.761,με,位置1
84,4:02:46,102.5,0.751,με,位置1
85,4:02:48,102.5,0.751,με,位置1
86,4:02:50,102.5,0.751,με,位置1
87,4:02:52,102.5,0.741,με,位置1
88,4:02:54,102.5,0.741,με,位置1
89,4:02:56,102.5,0.751,με,位置1
90,4:02:58,102.5,0.751,με,位置1
91,4:03:00,102.5,0.732,με,位置1
92,4:03:02,102.5,0.722,με,位置1
93,4:03:04,102.5,0.722,με,位置1
94,4:03:06,102.5,0.722,με,位置1
95,4:03:08,102.5,0.722,με,位置1
96,4:03:10,102.5,0.712,με,位置1
97,4:03:12,102.5,0.712,με,位置1
98,4:03:14,102.5,0.702,με,位置1
99,4:03:16,102.5,0.702,με,位置1
100,4:03:18,102.5,0.702,με,位置1
101,4:03:20,102.5,0.693,με,位置1
102,4:03:22,102.5,0.693,με,位置1
103,4:03:24,102.5,0.693,με,位置1
104,4:03:26,102.5,0.722,με,位置1
105,4:03:28,102.5,0.654,με,位置1
106,4:03:30,102.5,0.78,με,位置1
107,4:03:32,102.5,0.78,με,位置1
108,4:03:34,102.5,0.702,με,位置1
109,4:03:36,102.5,0.683,με,位置1
110,4:03:38,102.5,0.683,με,位置1
111,4:03:40,102.5,0.683,με,位置1
112,4:03:42,102.5,0.693,με,位置1
113,4:03:44,102.5,0.693,με,位置1
114,4:03:46,102.5,0.693,με,位置1
115,4:03:48,102.5,0.683,με,位置1
116,4:03:50,102.5,0.683,με,位置1
117,4:03:52,102.5,0.683,με,位置1
118,4:03:54,102.5,0.683,με,位置1
119,4:03:56,102.5,0.663,με,位置1
120,4:03:58,102.5,0.693,με,位置1
121,4:04:00,102.5,0.693,με,位置1
122,4:04:02,102.5,0.693,με,位置1
123,4:04:04,102.5,0.663,με,位置1
124,4:04:06,102.5,0.654,με,位置1
125,4:04:08,102.5,0.644,με,位置1
126,4:04:10,102.5,0.644,με,位置1
127,4:04:12,102.5,0.644,με,位置1
128,4:04:14,102.5,0.654,με,位置1
129,4:04:16,102.5,0.644,με,位置1
130,4:04:18,102.5,0.644,με,位置1
131,4:04:20,102.5,0.644,με,位置1
132,4:04:22,102.5,0.644,με,位置1
133,4:04:24,102.5,0.644,με,位置1
134,4:04:26,102.5,0.634,με,位置1
135,4:04:28,102.5,0.644,με,位置1
136,4:04:30,102.5,0.644,με,位置1
137,4:04:32,102.5,0.644,με,位置1
138,4:04:34,102.5,0.634,με,位置1
139,4:04:36,102.5,0.634,με,位置1
140,4:04:38,102.5,0.654,με,位置1
141,4:04:40,102.5,0.654,με,位置1
142,4:04:42,102.5,0.624,με,位置1
143,4:04:44,102.5,0.624,με,位置1
144,4:04:46,102.5,0.624,με,位置1
145,4:04:48,102.5,0.673,με,位置1
146,4:04:50,102.5,0.644,με,位置1
147,4:04:52,102.5,0.624,με,位置1
148,4:04:54,102.5,0.624,με,位置1
149,4:04:56,102.5,0.624,με,位置1
150,4:04:58,102.5,0.624,με,位置1
151,4:05:00,102.5,0.624,με,位置1
152,4:05:02,102.5,0.624,με,位置1
153,4:05:04,102.5,0.624,με,位置1
154,4:05:06,102.5,0.624,με,位置1
155,4:05:08,102.5,0.634,με,位置1
156,4:05:10,102.5,0.644,με,位置1
157,4:05:12,102.5,0.615,με,位置1
158,4:05:14,102.5,0.663,με,位置1
159,4:05:16,102.5,0.615,με,位置1
160,4:05:18,102.5,0.615,με,位置1
161,4:05:20,102.5,0.624,με,位置1
162,4:05:22,102.5,0.615,με,位置1
163,4:05:24,102.5,0.615,με,位置1
164,4:05:26,102.5,0.615,με,位置1
165,4:05:28,102.5,0.683,με,位置1
166,4:05:30,102.5,0.683,με,位置1
167,4:05:32,102.5,0.683,με,位置1
168,4:05:34,102.5,0.624,με,位置1
169,4:05:36,102.5,0.624,με,位置1
170,4:05:38,102.5,0.624,με,位置1
171,4:05:40,102.5,0.624,με,位置1
172,4:05:42,102.5,0.624,με,位置1
173,4:05:44,102.5,0.624,με,位置1
174,4:05:46,102.5,0.624,με,位置1
175,4:05:48,102.5,0.634,με,位置1
176,4:05:50,102.5,0.634,με,位置1
177,4:05:52,102.5,0.634,με,位置1
178,4:05:54,102.5,0.634,με,位置1
179,4:05:56,102.5,0.634,με,位置1
180,4:05:58,102.5,0.634,με,位置1
181,4:06:00,102.5,0.634,με,位置1
182,4:06:02,102.5,0.634,με,位置1
183,4:06:04,102.5,0.634,με,位置1
184,4:06:06,102.5,0.634,με,位置1
185,4:06:08,102.5,0.644,με,位置1
186,4:06:10,102.5,0.634,με,位置1
187,4:06:12,102.5,0.644,με,位置1
188,4:06:14,102.5,0.644,με,位置1
189,4:06:16,102.5,0.634,με,位置1
190,4:06:18,102.5,0.634,με,位置1
191,4:06:20,102.5,0.644,με,位置1
192,4:06:22,102.5,0.644,με,位置1
193,4:06:24,102.5,0.644,με,位置1
194,4:06:26,102.5,0.644,με,位置1
195,4:06:28,102.5,0.644,με,位置1
196,4:06:30,102.5,0.644,με,位置1
197,4:06:32,102.5,0.654,με,位置1
198,4:06:34,102.5,0.644,με,位置1
199,4:06:36,102.5,0.644,με,位置1
200,4:06:38,102.5,0.654,με,位置1
201,4:06:40,102.5,0.654,με,位置1
202,4:06:42,102.5,0.654,με,位置1
203,4:06:44,102.5,0.663,με,位置1
204,4:06:46,102.5,0.663,με,位置1
205,4:06:48,102.5,0.663,με,位置1
206,4:06:50,102.5,0.673,με,位置1
207,4:06:52,102.5,0.654,με,位置1
208,4:06:54,102.5,0.654,με,位置1
209,4:06:56,102.5,0.654,με,位置1
210,4:06:58,102.5,0.673,με,位置1
211,4:07:00,102.5,0.673,με,位置1
212,4:07:02,102.5,0.663,με,位置1
213,4:07:04,102.5,0.712,με,位置1
214,4:07:06,102.5,0.712,με,位置1
215,4:07:08,102.5,0.712,με,位置1
216,4:07:10,102.5,0.712,με,位置1
217,4:07:12,102.5,0.673,με,位置1
218,4:07:14,102.5,0.673,με,位置1
219,4:07:16,102.5,0.673,με,位置1
220,4:07:18,102.5,0.673,με,位置1
221,4:07:20,102.5,0.673,με,位置1
222,4:07:22,102.5,0.673,με,位置1
223,4:07:24,102.5,0.673,με,位置1
224,4:07:26,102.5,0.683,με,位置1
225,4:07:28,102.5,0.683,με,位置1
226,4:07:30,102.5,0.693,με,位置1
227,4:07:32,102.5,0.693,με,位置1
228,4:07:34,102.5,0.693,με,位置1
229,4:07:36,102.5,0.693,με,位置1
230,4:07:38,102.5,0.693,με,位置1
231,4:07:40,102.5,0.693,με,位置1
232,4:07:42,102.5,0.693,με,位置1
233,4:07:44,102.5,0.702,με,位置1
234,4:07:46,102.5,0.702,με,位置1
235,4:07:48,102.5,0.732,με,位置1
236,4:07:50,102.5,0.732,με,位置1
237,4:07:52,102.5,0.702,με,位置1
238,4:07:54,102.5,0.702,με,位置1
239,4:07:56,102.5,0.702,με,位置1
240,4:07:58,102.5,0.702,με,位置1
241,4:08:00,102.5,0.702,με,位置1
242,4:08:02,102.5,0.702,με,位置1
243,4:08:04,102.5,0.702,με,位置1
244,4:08:06,102.5,0.712,με,位置1
245,4:08:08,102.5,0.712,με,位置1
246,4:08:10,102.5,0.702,με,位置1
247,4:08:12,102.5,0.712,με,位置1
248,4:08:14,102.5,0.722,με,位置1
249,4:08:16,102.5,0.712,με,位置1
250,4:08:18,102.5,0.712,με,位置1
251,4:08:20,102.5,0.712,με,位置1
252,4:08:22,102.5,0.712,με,位置1
253,4:08:24,102.5,0.732,με,位置1
254,4:08:26,102.5,0.722,με,位置1
255,4:08:28,102.5,0.741,με,位置1
256,4:08:30,102.5,0.722,με,位置1
257,4:08:32,102.5,0.722,με,位置1
258,4:08:34,102.5,0.722,με,位置1
259,4:08:36,102.5,0.722,με,位置1
260,4:08:38,102.5,0.732,με,位置1
261,4:08:40,102.5,0.732,με,位置1
262,4:08:42,102.5,0.732,με,位置1
263,4:08:44,102.5,0.722,με,位置1
264,4:08:46,102.5,0.741,με,位置1
265,4:08:48,102.5,0.761,με,位置1
266,4:08:50,102.5,0.732,με,位置1
267,4:08:52,102.5,0.732,με,位置1
268,4:08:54,102.5,0.732,με,位置1
269,4:08:56,102.5,0.732,με,位置1
270,4:08:58,102.5,0.732,με,位置1
271,4:09:00,102.5,0.732,με,位置1
272,4:09:02,102.5,0.732,με,位置1
273,4:09:04,102.5,0.741,με,位置1
274,4:09:06,102.5,0.741,με,位置1
275,4:09:08,102.5,0.761,με,位置1
276,4:09:10,102.5,0.761,με,位置1
277,4:09:12,102.5,0.751,με,位置1
278,4:09:14,102.5,0.712,με,位置1
279,4:09:16,102.5,0.741,με,位置1
280,4:09:18,102.5,0.722,με,位置1
281,4:09:20,102.5,0.722,με,位置1
282,4:09:22,102.5,0.722,με,位置1
283,4:09:24,102.5,0.761,με,位置1
284,4:09:26,102.5,0.761,με,位置1
285,4:09:28,102.5,0.761,με,位置1
286,4:09:30,102.5,0.732,με,位置1
287,4:09:32,102.5,0.722,με,位置1
288,4:09:34,102.5,0.722,με,位置1
289,4:09:36,102.5,0.702,με,位置1
290,4:09:38,102.5,0.771,με,位置1
291,4:09:40,102.5,0.732,με,位置1
292,4:09:42,102.5,0.712,με,位置1
293,4:09:44,102.5,0.722,με,位置1
294,4:09:46,102.5,0.722,με,位置1
295,4:09:48,102.5,0.722,με,位置1
296,4:09:50,102.5,0.693,με,位置1
297,4:09:52,102.5,0.741,με,位置1
298,4:09:54,102.5,0.702,με,位置1
299,4:09:56,102.5,0.693,με,位置1
300,4:09:58,102.5,0.683,με,位置1
301,4:10:00,102.5,0.683,με,位置1
302,4:10:02,102.5,0.683,με,位置1
303,4:10:04,102.5,0.673,με,位置1
304,4:10:06,102.5,0.673,με,位置1
305,4:10:08,102.5,0.654,με,位置1
306,4:10:10,102.5,0.663,με,位置1
307,4:10:12,102.5,0.654,με,位置1
308,4:10:14,102.5,0.644,με,位置1
309,4:10:16,102.5,0.644,με,位置1
310,4:10:18,102.5,0.634,με,位置1
311,4:10:20,102.5,0.624,με,位置1
312,4:10:22,102.5,0.624,με,位置1
313,4:10:24,102.5,0.624,με,位置1
314,4:10:26,102.5,0.615,με,位置1
315,4:10:28,102.5,0.615,με,位置1
316,4:10:30,102.5,0.615,με,位置1
317,4:10:32,102.5,0.615,με,位置1
318,4:10:34,102.5,0.615,με,位置1
319,4:10:36,102.5,0.615,με,位置1
320,4:10:38,102.5,0.615,με,位置1
321,4:10:40,102.5,0.595,με,位置1
322,4:10:42,102.5,0.585,με,位置1
323,4:10:44,102.5,0.585,με,位置1
324,4:10:46,102.5,0.585,με,位置1
325,4:10:48,102.5,0.585,με,位置1
326,4:10:50,102.5,0.576,με,位置1
327,4:10:52,102.5,0.576,με,位置1
328,4:10:54,102.5,0.566,με,位置1
329,4:10:56,102.5,0.566,με,位置1
330,4:10:58,102.5,0.566,με,位置1
331,4:11:00,102.5,0.566,με,位置1
332,4:11:02,102.5,0.566,με,位置1
333,4:11:04,102.5,0.556,με,位置1
334,4:11:06,102.5,0.556,με,位置1
335,4:11:08,102.5,0.546,με,位置1
336,4:11:10,102.5,0.546,με,位置1
337,4:11:12,102.5,0.546,με,位置1
338,4:11:14,102.5,0.537,με,位置1
339,4:11:16,102.5,0.537,με,位置1
340,4:11:18,102.5,0.527,με,位置1
341,4:11:20,102.5,0.527,με,位置1
342,4:11:22,102.5,0.537,με,位置1
343,4:11:24,102.5,0.527,με,位置1
344,4:11:26,102.5,0.527,με,位置1
345,4:11:28,102.5,0.537,με,位置1
346,4:11:30,102.5,0.527,με,位置1
347,4:11:32,102.5,0.517,με,位置1
348,4:11:34,102.5,0.517,με,位置1
349,4:11:36,102.5,0.537,με,位置1
350,4:11:38,102.5,0.537,με,位置1
351,4:11:40,102.5,0.517,με,位置1
352,4:11:42,102.5,0.527,με,位置1
353,4:11:44,102.5,0.527,με,位置1
354,4:11:46,102.5,0.507,με,位置1
355,4:11:48,102.5,0.527,με,位置1
356,4:11:50,102.5,0.527,με,位置1
357,4:11:52,102.5,0.507,με,位置1
358,4:11:54,102.5,0.507,με,位置1
359,4:11:56,102.5,0.507,με,位置1
360,4:11:58,102.5,0.507,με,位置1
361,4:12:00,102.5,0.507,με,位置1
362,4:12:02,102.5,0.507,με,位置1
363,4:12:04,102.5,0.507,με,位置1
364,4:12:06,102.5,0.507,με,位置1
365,4:12:08,102.5,0.507,με,位置1
366,4:12:10,102.5,0.498,με,位置1
367,4:12:12,102.5,0.517,με,位置1
368,4:12:14,102.5,0.517,με,位置1
369,4:12:16,102.5,0.507,με,位置1
370,4:12:18,102.5,0.498,με,位置1
371,4:12:20,102.5,0.498,με,位置1
372,4:12:22,102.5,0.498,με,位置1
373,4:12:24,102.5,0.498,με,位置1
374,4:12:26,102.5,0.507,με,位置1
375,4:12:28,102.5,0.498,με,位置1
376,4:12:30,102.5,0.507,με,位置1
377,4:12:32,102.5,0.507,με,位置1
378,4:12:34,102.5,0.517,με,位置1
379,4:12:36,102.5,0.507,με,位置1
380,4:12:38,102.5,0.517,με,位置1
381,4:12:40,102.5,0.595,με,位置1
382,4:12:42,102.5,0.595,με,位置1
383,4:12:44,102.5,0.595,με,位置1
384,4:12:46,102.5,0.595,με,位置1
385,4:12:48,102.5,0.527,με,位置1
386,4:12:50,102.5,0.527,με,位置1
387,4:12:52,102.5,0.537,με,位置1
388,4:12:54,102.5,0.527,με,位置1
389,4:12:56,102.5,0.527,με,位置1
390,4:12:58,102.5,0.527,με,位置1
391,4:13:00,102.5,0.527,με,位置1
392,4:13:02,102.5,0.537,με,位置1
393,4:13:04,102.5,0.537,με,位置1
394,4:13:06,102.5,0.537,με,位置1
395,4:13:08,102.5,0.546,με,位置1
396,4:13:10,102.5,0.546,με,位置1
397,4:13:12,102.5,0.546,με,位置1
398,4:13:14,102.5,0.556,με,位置1
399,4:13:16,102.5,0.556,με,位置1
400,4:13:18,102.5,0.546,με,位置1
401,4:13:20,102.5,0.556,με,位置1
402,4:13:22,102.5,0.556,με,位置1
403,4:13:24,102.5,0.546,με,位置1
404,4:13:26,102.5,0.537,με,位置1
405,4:13:28,102.5,0.556,με,位置1
406,4:13:30,102.5,0.546,με,位置1
407,4:13:32,102.5,0.546,με,位置1
408,4:13:34,102.5,0.546,με,位置1
409,4:13:36,102.5,0.546,με,位置1
410,4:13:38,102.5,0.546,με,位置1
411,4:13:40,102.5,0.546,με,位置1
412,4:13:42,102.5,0.546,με,位置1
413,4:13:44,102.5,0.546,με,位置1
414,4:13:46,102.5,0.546,με,位置1
415,4:13:48,102.5,0.546,με,位置1
416,4:13:50,102.5,0.546,με,位置1
417,4:13:52,102.5,0.546,με,位置1
418,4:13:54,102.5,0.537,με,位置1
419,4:13:56,102.5,0.537,με,位置1
420,4:13:58,102.5,0.546,με,位置1
421,4:14:00,102.5,0.546,με,位置1
422,4:14:02,102.5,0.537,με,位置1
423,4:14:04,102.5,0.546,με,位置1
424,4:14:06,102.5,0.546,με,位置1
425,4:14:08,102.5,0.546,με,位置1
426,4:14:10,102.5,0.546,με,位置1
427,4:14:12,102.5,0.537,με,位置1
428,4:14:14,102.5,0.537,με,位置1
429,4:14:16,102.5,0.566,με,位置1
430,4:14:18,102.5,0.537,με,位置1
431,4:14:20,102.5,0.537,με,位置1
432,4:14:22,102.5,0.537,με,位置1
433,4:14:24,102.5,0.537,με,位置1
434,4:14:26,102.5,0.527,με,位置1
435,4:14:28,102.5,0.537,με,位置1
436,4:14:30,102.5,0.527,με,位置1
437,4:14:32,102.5,0.527,με,位置1
438,4:14:34,102.5,0.527,με,位置1
439,4:14:36,102.5,0.527,με,位置1
440,4:14:38,102.5,0.537,με,位置1
441,4:14:40,102.5,0.537,με,位置1
442,4:14:42,102.5,0.546,με,位置1
443,4:14:44,102.5,0.537,με,位置1
444,4:14:46,102.5,0.566,με,位置1
445,4:14:48,102.5,0.527,με,位置1
446,4:14:50,102.5,0.556,με,位置1
447,4:14:52,102.5,0.537,με,位置1
448,4:14:54,102.5,0.566,με,位置1
449,4:14:56,102.5,0.566,με,位置1
450,4:14:58,102.5,0.566,με,位置1
451,4:15:00,102.5,0.537,με,位置1
452,4:15:02,102.5,0.537,με,位置1
453,4:15:04,102.5,0.537,με,位置1
454,4:15:06,102.5,0.527,με,位置1
455,4:15:08,102.5,0.527,με,位置1
456,4:15:10,102.5,0.566,με,位置1
457,4:15:12,102.5,0.546,με,位置1
458,4:15:14,102.5,0.556,με,位置1
459,4:15:16,102.5,0.546,με,位置1
460,4:15:18,102.5,0.546,με,位置1
461,4:15:20,102.5,0.556,με,位置1
462,4:15:22,102.5,0.527,με,位置1
463,4:15:24,102.5,0.537,με,位置1
464,4:15:26,102.5,0.546,με,位置1
465,4:15:28,102.5,0.537,με,位置1
466,4:15:30,102.5,0.537,με,位置1
467,4:15:32,102.5,0.615,με,位置1
468,4:15:34,102.5,0.556,με,位置1
469,4:15:36,102.5,0.556,με,位置1
470,4:15:38,102.5,0.556,με,位置1
471,4:15:40,102.5,0.556,με,位置1
472,4:15:42,102.5,0.556,με,位置1
473,4:15:44,102.5,0.556,με,位置1
474,4:15:46,102.5,0.546,με,位置1
475,4:15:48,102.5,0.556,με,位置1
476,4:15:50,102.5,0.546,με,位置1
477,4:15:52,102.5,0.556,με,位置1
478,4:15:54,102.5,0.556,με,位置1
479,4:15:56,102.5,0.556,με,位置1
480,4:15:58,102.5,0.556,με,位置1
481,4:16:00,102.5,0.556,με,位置1
482,4:16:02,102.5,0.537,με,位置1
483,4:16:04,102.5,0.566,με,位置1
484,4:16:06,102.5,0.556,με,位置1
485,4:16:08,102.5,0.556,με,位置1
486,4:16:10,102.5,0.556,με,位置1
487,4:16:12,102.5,0.556,με,位置1
488,4:16:14,102.5,0.556,με,位置1
489,4:16:16,102.5,0.556,με,位置1
490,4:16:18,102.5,0.556,με,位置1
491,4:16:20,102.5,0.556,με,位置1
492,4:16:22,102.5,0.556,με,位置1
493,4:16:24,102.5,0.566,με,位置1
494,4:16:26,102.5,0.556,με,位置1
495,4:16:28,102.5,0.566,με,位置1
496,4:16:30,102.5,0.566,με,位置1
497,4:16:32,102.5,0.556,με,位置1
498,4:16:34,102.5,0.556,με,位置1
499,4:16:36,102.5,0.566,με,位置1
500,4:16:38,102.5,0.556,με,位置1
501,4:16:40,102.5,0.556,με,位置1
502,4:16:42,102.5,0.566,με,位置1
503,4:16:44,102.5,0.556,με,位置1
504,4:16:46,102.5,0.556,με,位置1
505,4:16:48,102.5,0.556,με,位置1
506,4:16:50,102.5,0.566,με,位置1
507,4:16:52,102.5,0.556,με,位置1
508,4:16:54,102.5,0.556,με,位置1
509,4:16:56,102.5,0.556,με,位置1
510,4:16:58,102.5,0.556,με,位置1
511,4:17:00,102.5,0.556,με,位置1
512,4:17:02,102.5,0.566,με,位置1
513,4:17:04,102.5,0.546,με,位置1
514,4:17:06,102.5,0.615,με,位置1
515,4:17:08,102.5,0.556,με,位置1
516,4:17:10,102.5,0.556,με,位置1
517,4:17:12,102.5,0.566,με,位置1
518,4:17:14,102.5,0.566,με,位置1
519,4:17:16,102.5,0.566,με,位置1
520,4:17:18,102.5,0.556,με,位置1
521,4:17:20,102.5,0.546,με,位置1
522,4:17:22,102.5,0.556,με,位置1
523,4:17:24,102.5,0.556,με,位置1
524,4:17:26,102.5,0.556,με,位置1
525,4:17:28,102.5,0.556,με,位置1
526,4:17:30,102.5,0.537,με,位置1
527,4:17:32,102.5,0.537,με,位置1
528,4:17:34,102.5,0.546,με,位置1
529,4:17:36,102.5,0.546,με,位置1
530,4:17:38,102.5,0.546,με,位置1
531,4:17:40,102.5,0.546,με,位置1
532,4:17:42,102.5,0.546,με,位置1
533,4:17:44,102.5,0.556,με,位置1
534,4:17:46,102.5,0.546,με,位置1
535,4:17:48,102.5,0.546,με,位置1
536,4:17:50,102.5,0.546,με,位置1
537,4:17:52,102.5,0.537,με,位置1
538,4:17:54,102.5,0.546,με,位置1
539,4:17:56,102.5,0.546,με,位置1
540,4:17:58,102.5,0.546,με,位置1
541,4:18:00,102.5,0.546,με,位置1
542,4:18:02,102.5,0.546,με,位置1
543,4:18:04,102.5,0.527,με,位置1
544,4:18:06,102.5,0.615,με,位置1
545,4:18:08,102.5,0.556,με,位置1
546,4:18:10,102.5,0.556,με,位置1
547,4:18:12,102.5,0.546,με,位置1
548,4:18:14,102.5,0.546,με,位置1
549,4:18:16,102.5,0.546,με,位置1
550,4:18:18,102.5,0.556,με,位置1
551,4:18:20,102.5,0.556,με,位置1
552,4:18:22,102.5,0.546,με,位置1
553,4:18:24,102.5,0.546,με,位置1
554,4:18:26,102.5,0.546,με,位置1
555,4:18:28,102.5,0.546,με,位置1
556,4:18:30,102.5,0.546,με,位置1
557,4:18:32,102.5,0.546,με,位置1
558,4:18:34,102.5,0.546,με,位置1
559,4:18:36,102.5,0.546,με,位置1
560,4:18:38,102.5,0.546,με,位置1
561,4:18:40,102.5,0.546,με,位置1
562,4:18:42,102.5,0.546,με,位置1
563,4:18:44,102.5,0.546,με,位置1
564,4:18:46,102.5,0.546,με,位置1
565,4:18:48,102.5,0.546,με,位置1
566,4:18:50,102.5,0.556,με,位置1
567,4:18:52,102.5,0.546,με,位置1
568,4:18:54,102.5,0.546,με,位置1
569,4:18:56,102.5,0.546,με,位置1
570,4:18:58,102.5,0.546,με,位置1
571,4:19:00,102.5,0.546,με,位置1
572,4:19:02,102.5,0.546,με,位置1
573,4:19:04,102.5,0.537,με,位置1
574,4:19:06,102.5,0.537,με,位置1
575,4:19:08,102.5,0.537,με,位置1
576,4:19:10,102.5,0.537,με,位置1
577,4:19:12,102.5,0.537,με,位置1
578,4:19:14,102.5,0.507,με,位置1
579,4:19:16,102.5,0.527,με,位置1
580,4:19:18,102.5,0.527,με,位置1
581,4:19:20,102.5,0.527,με,位置1
582,4:19:22,102.5,0.527,με,位置1
583,4:19:24,102.5,0.527,με,位置1
584,4:19:26,102.5,0.527,με,位置1
585,4:19:28,102.5,0.527,με,位置1
586,4:19:30,102.5,0.527,με,位置1
587,4:19:32,102.5,0.517,με,位置1
588,4:19:34,102.5,0.517,με,位置1
589,4:19:36,102.5,0.527,με,位置1
590,4:19:38,102.5,0.517,με,位置1
591,4:19:40,102.5,0.517,με,位置1
592,4:19:42,102.5,0.517,με,位置1
593,4:19:44,102.5,0.517,με,位置1
594,4:19:46,102.5,0.517,με,位置1
595,4:19:48,102.5,0.537,με,位置1
596,4:19:50,102.5,0.537,με,位置1
597,4:19:52,102.5,0.537,με,位置1
598,4:19:54,102.5,0.537,με,位置1
599,4:19:56,102.5,0.527,με,位置1
600,4:19:58,102.5,0.537,με,位置1
601,4:20:00,102.5,0.517,με,位置1
602,4:20:02,102.5,0.517,με,位置1
603,4:20:04,102.5,0.527,με,位置1
604,4:20:06,102.5,0.517,με,位置1
605,4:20:08,102.5,0.517,με,位置1
606,4:20:10,102.5,0.517,με,位置1
607,4:20:12,102.5,0.517,με,位置1
608,4:20:14,102.5,0.517,με,位置1
609,4:20:16,102.5,0.517,με,位置1
610,4:20:18,102.5,0.517,με,位置1
611,4:20:20,102.5,0.527,με,位置1
612,4:20:22,102.5,0.527,με,位置1
613,4:20:24,102.5,0.527,με,位置1
614,4:20:26,102.5,0.527,με,位置1
615,4:20:28,102.5,0.527,με,位置1
616,4:20:30,102.5,0.527,με,位置1
617,4:20:32,102.5,0.527,με,位置1
618,4:20:34,102.5,0.527,με,位置1
619,4:20:36,102.5,0.527,με,位置1
620,4:20:38,102.5,0.527,με,位置1
621,4:20:40,102.5,0.527,με,位置1
622,4:20:42,102.5,0.527,με,位置1
623,4:20:44,102.5,0.537,με,位置1
624,4:20:46,102.5,0.537,με,位置1
625,4:20:48,102.5,0.537,με,位置1
626,4:20:50,102.5,0.537,με,位置1
627,4:20:52,102.5,0.537,με,位置1
628,4:20:54,102.5,0.546,με,位置1
629,4:20:56,102.5,0.546,με,位置1
630,4:20:58,102.5,0.537,με,位置1
631,4:21:00,102.5,0.537,με,位置1
632,4:21:02,102.5,0.537,με,位置1
633,4:21:04,102.5,0.546,με,位置1
634,4:21:06,102.5,0.546,με,位置1
635,4:21:08,102.5,0.537,με,位置1
636,4:21:10,102.5,0.537,με,位置1
637,4:21:12,102.5,0.537,με,位置1
638,4:21:14,102.5,0.537,με,位置1
639,4:21:16,102.5,0.546,με,位置1
640,4:21:18,102.5,0.537,με,位置1
641,4:21:20,102.5,0.537,με,位置1
642,4:21:22,102.5,0.537,με,位置1
643,4:21:24,102.5,0.546,με,位置1
644,4:21:26,102.5,0.546,με,位置1
645,4:21:28,102.5,0.546,με,位置1
646,4:21:30,102.5,0.546,με,位置1
647,4:21:32,102.5,0.556,με,位置1
648,4:21:34,102.5,0.556,με,位置1
649,4:21:36,102.5,0.556,με,位置1
650,4:21:38,102.5,0.556,με,位置1
651,4:21:40,102.5,0.556,με,位置1
652,4:21:42,102.5,0.546,με,位置1
653,4:21:44,102.5,0.546,με,位置1
654,4:21:46,102.5,0.556,με,位置1
655,4:21:48,102.5,0.556,με,位置1
656,4:21:50,102.5,0.556,με,位置1
657,4:21:52,102.5,0.556,με,位置1
658,4:21:54,102.5,0.566,με,位置1
659,4:21:56,102.5,0.556,με,位置1
660,4:21:58,102.5,0.556,με,位置1
661,4:22:00,102.5,0.566,με,位置1
662,4:22:02,102.5,0.576,με,位置1
663,4:22:04,102.5,0.566,με,位置1
664,4:22:06,102.5,0.556,με,位置1
665,4:22:08,102.5,0.595,με,位置1
666,4:22:10,102.5,0.566,με,位置1
667,4:22:12,102.5,0.566,με,位置1
668,4:22:14,102.5,0.566,με,位置1
669,4:22:16,102.5,0.566,με,位置1
670,4:22:18,102.5,0.566,με,位置1
671,4:22:20,102.5,0.576,με,位置1
672,4:22:22,102.5,0.566,με,位置1
673,4:22:24,102.5,0.566,με,位置1
674,4:22:26,102.5,0.566,με,位置1
675,4:22:28,102.5,0.566,με,位置1
676,4:22:30,102.5,0.566,με,位置1
677,4:22:32,102.5,0.576,με,位置1
678,4:22:34,102.5,0.576,με,位置1
679,4:22:36,102.5,0.576,με,位置1
680,4:22:38,102.5,0.576,με,位置1
681,4:22:40,102.5,0.576,με,位置1
682,4:22:42,102.5,0.576,με,位置1
683,4:22:44,102.5,0.576,με,位置1
684,4:22:46,102.5,0.576,με,位置1
685,4:22:48,102.5,0.576,με,位置1
686,4:22:50,102.5,0.605,με,位置1
687,4:22:52,102.5,0.595,με,位置1
688,4:22:54,102.5,0.595,με,位置1
689,4:22:56,102.5,0.595,με,位置1
690,4:22:58,102.5,0.595,με,位置1
691,4:23:00,102.5,0.595,με,位置1
692,4:23:02,102.5,0.595,με,位置1
693,4:23:04,102.5,0.595,με,位置1
694,4:23:06,102.5,0.605,με,位置1
695,4:23:08,102.5,0.605,με,位置1
696,4:23:10,102.5,0.615,με,位置1
697,4:23:12,102.5,0.605,με,位置1
698,4:23:14,102.5,0.605,με,位置1
699,4:23:16,102.5,0.615,με,位置1
700,4:23:18,102.5,0.624,με,位置1
701,4:23:20,102.5,0.624,με,位置1
702,4:23:22,102.5,0.615,με,位置1
703,4:23:24,102.5,0.615,με,位置1
704,4:23:26,102.5,0.615,με,位置1
705,4:23:28,102.5,0.615,με,位置1
706,4:23:30,102.5,0.615,με,位置1
707,4:23:32,102.5,0.615,με,位置1
708,4:23:34,102.5,0.615,με,位置1
709,4:23:36,102.5,0.615,με,位置1
710,4:23:38,102.5,0.615,με,位置1
711,4:23:40,102.5,0.615,με,位置1
712,4:23:42,102.5,0.624,με,位置1
713,4:23:44,102.5,0.624,με,位置1
714,4:23:46,102.5,0.624,με,位置1
715,4:23:48,102.5,0.624,με,位置1
716,4:23:50,102.5,0.624,με,位置1
717,4:23:52,102.5,0.624,με,位置1
718,4:23:54,102.5,0.624,με,位置1
719,4:23:56,102.5,0.624,με,位置1
720,4:23:58,102.5,0.624,με,位置1
721,4:24:00,102.5,0.624,με,位置1
722,4:24:02,102.5,0.624,με,位置1
723,4:24:04,102.5,0.624,με,位置1
724,4:24:06,102.5,0.624,με,位置1
725,4:24:08,102.5,0.624,με,位置1
726,4:24:10,102.5,0.624,με,位置1
727,4:24:12,102.5,0.624,με,位置1
728,4:24:14,102.5,0.634,με,位置1
729,4:24:16,102.5,0.644,με,位置1
730,4:24:18,102.5,0.634,με,位置1
731,4:24:20,102.5,0.634,με,位置1
732,4:24:22,102.5,0.634,με,位置1
733,4:24:24,102.5,0.634,με,位置1
734,4:24:26,102.5,0.624,με,位置1
735,4:24:28,102.5,0.624,με,位置1
736,4:24:30,102.5,0.634,με,位置1
737,4:24:32,102.5,0.634,με,位置1
738,4:24:34,102.5,0.634,με,位置1
739,4:24:36,102.5,0.634,με,位置1
740,4:24:38,102.5,0.683,με,位置1
741,4:24:40,102.5,0.683,με,位置1
742,4:24:42,102.5,0.624,με,位置1
743,4:24:44,102.5,0.615,με,位置1
744,4:24:46,102.5,0.644,με,位置1
745,4:24:48,102.5,0.673,με,位置1
746,4:24:50,102.5,0.663,με,位置1
747,4:24:52,102.5,0.663,με,位置1
748,4:24:54,102.5,0.634,με,位置1
749,4:24:56,102.5,0.634,με,位置1
750,4:24:58,102.5,0.634,με,位置1
751,4:25:00,102.5,0.634,με,位置1
752,4:25:02,102.5,0.634,με,位置1
753,4:25:04,102.5,0.634,με,位置1
754,4:25:06,102.5,0.615,με,位置1
755,4:25:08,102.5,0.624,με,位置1
756,4:25:10,102.5,0.624,με,位置1
757,4:25:12,102.5,0.615,με,位置1
758,4:25:14,102.5,0.615,με,位置1
759,4:25:16,102.5,0.624,με,位置1
760,4:25:18,102.5,0.624,με,位置1
761,4:25:20,102.5,0.615,με,位置1
762,4:25:22,102.5,0.615,με,位置1
763,4:25:24,102.5,0.615,με,位置1
764,4:25:26,102.5,0.615,με,位置1
765,4:25:28,102.5,0.615,με,位置1
766,4:25:30,102.5,0.615,με,位置1
767,4:25:32,102.5,0.605,με,位置1
768,4:25:34,102.5,0.605,με,位置1
769,4:25:36,102.5,0.605,με,位置1
770,4:25:38,102.5,0.605,με,位置1
771,4:25:40,102.5,0.605,με,位置1
772,4:25:42,102.5,0.605,με,位置1
773,4:25:44,102.5,0.615,με,位置1
774,4:25:46,102.5,0.605,με,位置1
775,4:25:48,102.5,0.615,με,位置1
776,4:25:50,102.5,0.615,με,位置1
777,4:25:52,102.5,0.605,με,位置1
778,4:25:54,102.5,0.624,με,位置1
779,4:25:56,102.5,0.624,με,位置1
780,4:25:58,102.5,0.595,με,位置1
781,4:26:00,102.5,0.595,με,位置1
782,4:26:02,102.5,0.595,με,位置1
783,4:26:04,102.5,0.595,με,位置1
784,4:26:06,102.5,0.595,με,位置1
785,4:26:08,102.5,0.595,με,位置1
786,4:26:10,102.5,0.595,με,位置1
787,4:26:12,102.5,0.595,με,位置1
788,4:26:14,102.5,0.615,με,位置1
789,4:26:16,102.5,0.615,με,位置1
790,4:26:18,102.5,0.615,με,位置1
791,4:26:20,102.5,0.624,με,位置1
792,4:26:22,102.5,0.624,με,位置1
793,4:26:24,102.5,0.595,με,位置1
794,4:26:26,102.5,0.595,με,位置1
795,4:26:28,102.5,0.595,με,位置1
796,4:26:30,102.5,0.595,με,位置1
797,4:26:32,102.5,0.615,με,位置1
798,4:26:34,102.5,0.615,με,位置1
799,4:26:36,102.5,0.605,με,位置1
800,4:26:38,102.5,0.605,με,位置1
801,4:26:40,102.5,0.605,με,位置1
802,4:26:42,102.5,0.615,με,位置1
803,4:26:44,102.5,0.615,με,位置1
804,4:26:46,102.5,0.615,με,位置1
805,4:26:48,102.5,0.615,με,位置1
806,4:26:50,102.5,0.654,με,位置1
807,4:26:52,102.5,0.624,με,位置1
808,4:26:54,102.5,0.624,με,位置1
809,4:26:56,102.5,0.644,με,位置1
810,4:26:58,102.5,0.644,με,位置1
811,4:27:00,102.5,0.644,με,位置1
812,4:27:02,102.5,0.644,με,位置1
813,4:27:04,102.5,0.644,με,位置1
814,4:27:06,102.5,0.663,με,位置1
815,4:27:08,102.5,0.663,με,位置1
816,4:27:10,102.5,0.663,με,位置1
817,4:27:12,102.5,0.663,με,位置1
818,4:27:14,102.5,0.673,με,位置1
819,4:27:16,102.5,0.663,με,位置1
820,4:27:18,102.5,0.663,με,位置1
821,4:27:20,102.5,0.644,με,位置1
822,4:27:22,102.5,0.644,με,位置1
823,4:27:24,102.5,0.644,με,位置1
824,4:27:26,102.5,0.634,με,位置1
825,4:27:28,102.5,0.634,με,位置1
826,4:27:30,102.5,0.634,με,位置1
827,4:27:32,102.5,0.634,με,位置1
828,4:27:34,102.5,0.634,με,位置1
829,4:27:36,102.5,0.634,με,位置1
830,4:27:38,102.5,0.654,με,位置1
831,4:27:40,102.5,0.654,με,位置1
832,4:27:42,102.5,0.654,με,位置1
833,4:27:44,102.5,0.644,με,位置1
834,4:27:46,102.5,0.644,με,位置1
835,4:27:48,102.5,0.644,με,位置1
836,4:27:50,102.5,0.654,με,位置1
837,4:27:52,102.5,0.654,με,位置1
838,4:27:54,102.5,0.634,με,位置1
839,4:27:56,102.5,0.634,με,位置1
840,4:27:58,102.5,0.644,με,位置1
841,4:28:00,102.5,0.644,με,位置1
842,4:28:02,102.5,0.634,με,位置1
843,4:28:04,102.5,0.634,με,位置1
844,4:28:06,102.5,0.634,με,位置1
845,4:28:08,102.5,0.634,με,位置1
846,4:28:10,102.5,0.634,με,位置1
847,4:28:12,102.5,0.654,με,位置1
848,4:28:14,102.5,0.654,με,位置1
849,4:28:16,102.5,0.654,με,位置1
850,4:28:18,102.5,0.654,με,位置1
851,4:28:20,102.5,0.654,με,位置1
852,4:28:22,102.5,0.644,με,位置1
853,4:28:24,102.5,0.644,με,位置1
854,4:28:26,102.5,0.644,με,位置1
855,4:28:28,102.5,0.644,με,位置1
856,4:28:30,102.5,0.644,με,位置1
857,4:28:32,102.5,0.644,με,位置1
858,4:28:34,102.5,0.634,με,位置1
859,4:28:36,102.5,0.634,με,位置1
860,4:28:38,102.5,0.634,με,位置1
861,4:28:40,102.5,0.644,με,位置1
862,4:28:42,102.5,0.644,με,位置1
863,4:28:44,102.5,0.644,με,位置1
864,4:28:46,102.5,0.644,με,位置1
865,4:28:48,102.5,0.644,με,位置1
866,4:28:50,102.5,0.634,με,位置1
867,4:28:52,102.5,0.644,με,位置1
868,4:28:54,102.5,0.644,με,位置1
869,4:28:56,102.5,0.644,με,位置1
870,4:28:58,102.5,0.644,με,位置1
871,4:29:00,102.5,0.644,με,位置1
872,4:29:02,102.5,0.644,με,位置1
873,4:29:04,102.5,0.634,με,位置1
874,4:29:06,102.5,0.634,με,位置1
875,4:29:08,102.5,0.634,με,位置1
876,4:29:10,102.5,0.634,με,位置1
877,4:29:12,102.5,0.634,με,位置1
878,4:29:14,102.5,0.634,με,位置1
879,4:29:16,102.5,0.634,με,位置1
880,4:29:18,102.5,0.634,με,位置1
881,4:29:20,102.5,0.634,με,位置1
882,4:29:22,102.5,0.624,με,位置1
883,4:29:24,102.5,0.624,με,位置1
884,4:29:26,102.5,0.624,με,位置1
885,4:29:28,102.5,0.624,με,位置1
886,4:29:30,102.5,0.624,με,位置1
887,4:29:32,102.5,0.624,με,位置1
888,4:29:34,102.5,0.624,με,位置1
